{"nm":"Pre-comp 1","ddd":0,"h":573,"w":573,"meta":{"g":"LottieFiles AE 2.0.4"},"layers":[{"ty":4,"nm":"Shape Layer 4","sr":1,"st":14,"op":150,"ip":-2,"hd":false,"ddd":0,"bm":0,"hasMask":false,"ao":0,"ks":{"a":{"a":0,"k":[0,0,0],"ix":1},"s":{"a":0,"k":[100,100,100],"ix":6},"sk":{"a":0,"k":0},"p":{"a":0,"k":[286.5,286.5,0],"ix":2},"r":{"a":0,"k":0,"ix":10},"sa":{"a":0,"k":0},"o":{"a":1,"k":[{"o":{"x":0.167,"y":0.167},"i":{"x":0.833,"y":0.833},"s":[1],"t":33},{"s":[100],"t":34}],"ix":11}},"ef":[],"shapes":[],"ind":1},{"ty":4,"nm":"Shape Layer 2","sr":1,"st":14,"op":152,"ip":-2,"hd":false,"ddd":0,"bm":0,"hasMask":false,"ao":0,"ks":{"a":{"a":0,"k":[0,0,0],"ix":1},"s":{"a":0,"k":[100,100,100],"ix":6},"sk":{"a":0,"k":0},"p":{"a":0,"k":[286.5,286.5,0],"ix":2},"r":{"a":0,"k":0,"ix":10},"sa":{"a":0,"k":0},"o":{"a":0,"k":100,"ix":11}},"ef":[],"shapes":[],"ind":2},{"ty":4,"nm":"Shape Layer 1","sr":1,"st":14,"op":152,"ip":-2,"hd":false,"ddd":0,"bm":0,"hasMask":false,"ao":0,"ks":{"a":{"a":0,"k":[0,0,0],"ix":1},"s":{"a":0,"k":[100,100,100],"ix":6},"sk":{"a":0,"k":0},"p":{"a":0,"k":[286.5,286.5,0],"ix":2},"r":{"a":0,"k":0,"ix":10},"sa":{"a":0,"k":0},"o":{"a":0,"k":100,"ix":11}},"ef":[],"shapes":[{"ty":"gr","bm":0,"hd":false,"mn":"ADBE Vector Group","nm":"Shape 1","ix":1,"cix":2,"np":3,"it":[{"ty":"sh","bm":0,"hd":false,"mn":"ADBE Vector Shape - Group","nm":"Path 1","ix":1,"d":1,"ks":{"a":1,"k":[{"o":{"x":0.167,"y":0},"i":{"x":0.833,"y":1},"s":[{"c":false,"i":[[0,0],[0,0]],"o":[[0,0],[0,0]],"v":[[-89,90],[84,-83]]}],"t":27},{"o":{"x":0.167,"y":0},"i":{"x":0.833,"y":1},"s":[{"c":false,"i":[[0,0],[0,0]],"o":[[0,0],[0,0]],"v":[[-89,90],[84,-83]]}],"t":65},{"o":{"x":0.167,"y":0},"i":{"x":0.833,"y":1},"s":[{"c":false,"i":[[0,0],[0,0]],"o":[[0,0],[0,0]],"v":[[-90.5,92],[81.5,-79.5]]}],"t":68},{"s":[{"c":false,"i":[[0,0],[0,0]],"o":[[0,0],[0,0]],"v":[[-89,90],[84,-83]]}],"t":71}],"ix":2}},{"ty":"tm","bm":0,"hd":false,"mn":"ADBE Vector Filter - Trim","nm":"Trim Paths 1","ix":2,"e":{"a":1,"k":[{"o":{"x":0.167,"y":0},"i":{"x":0.833,"y":1},"s":[100],"t":27},{"o":{"x":0.167,"y":0},"i":{"x":0.833,"y":1},"s":[100],"t":30},{"o":{"x":0.167,"y":0},"i":{"x":0.833,"y":1},"s":[100],"t":61},{"o":{"x":0.167,"y":0},"i":{"x":0.833,"y":1},"s":[100],"t":65},{"s":[100],"t":71}],"ix":2},"o":{"a":0,"k":0,"ix":3},"s":{"a":1,"k":[{"o":{"x":0.167,"y":0.167},"i":{"x":0.833,"y":0.833},"s":[0],"t":27},{"o":{"x":0.167,"y":0},"i":{"x":0.833,"y":1},"s":[100],"t":30},{"o":{"x":0.167,"y":0.167},"i":{"x":0.833,"y":0.833},"s":[100],"t":61},{"o":{"x":0.167,"y":0},"i":{"x":0.833,"y":1},"s":[0],"t":65},{"s":[0],"t":71}],"ix":1},"m":1},{"ty":"st","bm":0,"hd":false,"mn":"ADBE Vector Graphic - Stroke","nm":"Stroke 1","lc":2,"lj":1,"ml":4,"o":{"a":0,"k":100,"ix":4},"w":{"a":0,"k":38,"ix":5},"c":{"a":0,"k":[1,1,1],"ix":3}},{"ty":"tr","a":{"a":0,"k":[0,0],"ix":1},"s":{"a":0,"k":[100,100],"ix":3},"sk":{"a":0,"k":0,"ix":4},"p":{"a":0,"k":[0,0],"ix":2},"r":{"a":0,"k":0,"ix":6},"sa":{"a":0,"k":0,"ix":5},"o":{"a":0,"k":100,"ix":7}}]}],"ind":3},{"ty":4,"nm":"Layer 2 Outlines","sr":1,"st":14,"op":152,"ip":-2,"hd":false,"ddd":0,"bm":0,"hasMask":false,"ao":0,"ks":{"a":{"a":1,"k":[{"o":{"x":0.333,"y":0.333},"i":{"x":0.833,"y":0.833},"s":[241.861,241.861,0],"t":41},{"o":{"x":0.167,"y":0.167},"i":{"x":0.667,"y":0.667},"s":[241.861,241.861,0],"t":45},{"o":{"x":0.333,"y":0.333},"i":{"x":0.833,"y":0.833},"s":[241.861,241.861,0],"t":48},{"s":[241.861,241.861,0],"t":54}],"ix":1},"s":{"a":1,"k":[{"o":{"x":0.333,"y":0},"i":{"x":0.833,"y":1},"s":[100,100,100],"t":41},{"o":{"x":0.167,"y":0},"i":{"x":0.667,"y":1},"s":[100,100,100],"t":45},{"o":{"x":0.333,"y":0},"i":{"x":0.833,"y":1},"s":[100,100,100],"t":48},{"o":{"x":0.167,"y":0},"i":{"x":0.833,"y":1},"s":[100,100,100],"t":54},{"s":[100,100,100],"t":60}],"ix":6},"sk":{"a":0,"k":0},"p":{"a":1,"k":[{"o":{"x":0.333,"y":0},"i":{"x":0.833,"y":1},"s":[286.031,290.916,0],"t":41,"ti":[0,5.167,0],"to":[0,-6.167,0]},{"o":{"x":0.167,"y":0},"i":{"x":0.833,"y":1},"s":[286.031,253.916,0],"t":45,"ti":[0,-1.622,0],"to":[0,-2.304,0]},{"o":{"x":0.167,"y":0},"i":{"x":0.667,"y":1},"s":[286.031,249.98,0],"t":46,"ti":[0,-0.554,0],"to":[0,2.015,0]},{"o":{"x":0.333,"y":0.333},"i":{"x":0.833,"y":0.833},"s":[286.031,259.916,0],"t":48,"ti":[0,0,0],"to":[0,0,0]},{"o":{"x":0.167,"y":0},"i":{"x":0.833,"y":1},"s":[286.031,259.916,0],"t":54,"ti":[0,-5.167,0],"to":[0,5.167,0]},{"s":[286.031,290.916,0],"t":60}],"ix":2},"r":{"a":1,"k":[{"o":{"x":0.333,"y":0},"i":{"x":0.833,"y":1},"s":[0],"t":41},{"o":{"x":0.167,"y":0},"i":{"x":0.667,"y":1},"s":[0],"t":45},{"o":{"x":0.333,"y":0},"i":{"x":0.833,"y":1},"s":[0],"t":48},{"o":{"x":0.167,"y":0},"i":{"x":0.833,"y":1},"s":[0],"t":54},{"s":[0],"t":60}],"ix":10},"sa":{"a":0,"k":0},"o":{"a":1,"k":[{"o":{"x":0.333,"y":0},"i":{"x":0.833,"y":1},"s":[100],"t":41},{"o":{"x":0.167,"y":0},"i":{"x":0.667,"y":1},"s":[100],"t":45},{"o":{"x":0.333,"y":0},"i":{"x":0.833,"y":1},"s":[100],"t":48},{"o":{"x":0.167,"y":0},"i":{"x":0.833,"y":1},"s":[100],"t":54},{"s":[100],"t":60}],"ix":11}},"ef":[],"shapes":[{"ty":"gr","bm":0,"hd":false,"mn":"ADBE Vector Group","nm":"Group 1","ix":1,"cix":2,"np":2,"it":[{"ty":"sh","bm":0,"hd":false,"mn":"ADBE Vector Shape - Group","nm":"Path 1","ix":1,"d":1,"ks":{"a":1,"k":[{"o":{"x":0.167,"y":0},"i":{"x":0.667,"y":1},"s":[{"c":true,"i":[[0,-81.109],[81.109,0],[0,81.109],[-81.109,0]],"o":[[0,81.109],[-81.109,0],[0,-81.109],[81.109,0]],"v":[[146.861,0],[0,146.861],[-146.86,0],[0,-146.861]]}],"t":34},{"o":{"x":0.333,"y":0},"i":{"x":0.833,"y":1},"s":[{"c":true,"i":[[0,-81.109],[81.109,0],[0,81.109],[-81.109,0]],"o":[[0,81.109],[-81.109,0],[0,-81.109],[81.109,0]],"v":[[146.861,0],[0,146.861],[-146.86,0],[0,-146.861]]}],"t":41},{"o":{"x":0.167,"y":0},"i":{"x":0.833,"y":1},"s":[{"c":true,"i":[[0,-81.109],[81.109,0],[0,81.109],[-81.109,0]],"o":[[0,81.109],[-81.109,0],[0,-81.109],[81.109,0]],"v":[[146.861,0],[0,146.861],[-146.86,0],[0,-146.861]]}],"t":45},{"s":[{"c":true,"i":[[0,-81.109],[81.109,0],[0,81.109],[-81.109,0]],"o":[[0,81.109],[-81.109,0],[0,-81.109],[81.109,0]],"v":[[146.861,0],[0,146.861],[-146.86,0],[0,-146.861]]}],"t":54}],"ix":2}},{"ty":"st","bm":0,"hd":false,"mn":"ADBE Vector Graphic - Stroke","nm":"Stroke 1","lc":2,"lj":1,"ml":10,"o":{"a":0,"k":100,"ix":4},"w":{"a":0,"k":38,"ix":5},"c":{"a":0,"k":[1,1,1],"ix":3}},{"ty":"tr","a":{"a":0,"k":[0,0],"ix":1},"s":{"a":0,"k":[100,100],"ix":3},"sk":{"a":0,"k":0,"ix":4},"p":{"a":0,"k":[241.861,241.861],"ix":2},"r":{"a":0,"k":0,"ix":6},"sa":{"a":0,"k":0,"ix":5},"o":{"a":0,"k":100,"ix":7}}]},{"ty":"tm","bm":0,"hd":false,"mn":"ADBE Vector Filter - Trim","nm":"Trim Paths 1","ix":2,"e":{"a":1,"k":[{"o":{"x":0.167,"y":0.167},"i":{"x":0.833,"y":0.833},"s":[87],"t":30.2},{"o":{"x":0.167,"y":0},"i":{"x":0.667,"y":1},"s":[50],"t":35},{"o":{"x":0.333,"y":0},"i":{"x":0.833,"y":0.833},"s":[50],"t":41},{"o":{"x":0.167,"y":0},"i":{"x":0.833,"y":1},"s":[41],"t":45},{"o":{"x":0.167,"y":0.167},"i":{"x":0.667,"y":1},"s":[41],"t":46},{"o":{"x":0.333,"y":0},"i":{"x":0.833,"y":1},"s":[42],"t":48},{"o":{"x":0.167,"y":0.167},"i":{"x":0.833,"y":0.833},"s":[42],"t":54},{"o":{"x":0.167,"y":0.167},"i":{"x":0.833,"y":0.833},"s":[3],"t":60},{"s":[2],"t":62}],"ix":2},"o":{"a":1,"k":[{"o":{"x":0.167,"y":0.167},"i":{"x":0.833,"y":0.833},"s":[0],"t":35},{"o":{"x":0.167,"y":0.167},"i":{"x":0.667,"y":1},"s":[-7],"t":37.4},{"o":{"x":0.333,"y":0},"i":{"x":0.833,"y":1},"s":[0],"t":41},{"o":{"x":0.167,"y":0},"i":{"x":0.667,"y":1},"s":[0],"t":45},{"o":{"x":0.333,"y":0},"i":{"x":0.833,"y":1},"s":[0],"t":48},{"o":{"x":0.167,"y":0.167},"i":{"x":0.833,"y":0.833},"s":[0],"t":54},{"s":[-53],"t":60}],"ix":3},"s":{"a":1,"k":[{"o":{"x":0.167,"y":0.167},"i":{"x":0.833,"y":0.833},"s":[87],"t":29},{"o":{"x":0.167,"y":0.167},"i":{"x":0.833,"y":0.833},"s":[85],"t":30.2},{"o":{"x":0.167,"y":0},"i":{"x":0.667,"y":1},"s":[0],"t":35},{"o":{"x":0.333,"y":0},"i":{"x":0.833,"y":0.833},"s":[0],"t":41},{"o":{"x":0.167,"y":0},"i":{"x":0.833,"y":1},"s":[9],"t":45},{"o":{"x":0.167,"y":0.167},"i":{"x":0.667,"y":1},"s":[9],"t":46},{"o":{"x":0.333,"y":0},"i":{"x":0.833,"y":1},"s":[8],"t":48},{"o":{"x":0.167,"y":0.167},"i":{"x":0.833,"y":0.833},"s":[8],"t":54},{"s":[2],"t":62}],"ix":1},"m":1}],"ind":4},{"ty":4,"nm":"Layer 2 Outlines 2","sr":1,"st":11,"op":152,"ip":-5,"hd":false,"ddd":0,"bm":0,"hasMask":false,"ao":0,"ks":{"a":{"a":1,"k":[{"o":{"x":0.167,"y":0.167},"i":{"x":0.833,"y":0.833},"s":[37.963,37.963,0],"t":28},{"o":{"x":0.167,"y":0.167},"i":{"x":0.833,"y":0.833},"s":[37.963,37.963,0],"t":60},{"s":[37.963,37.963,0],"t":64}],"ix":1},"s":{"a":1,"k":[{"o":{"x":0.167,"y":0},"i":{"x":0.833,"y":1},"s":[100,100,100],"t":28},{"o":{"x":0.167,"y":0},"i":{"x":0.833,"y":1},"s":[100,0,100],"t":32},{"o":{"x":0.167,"y":0},"i":{"x":0.833,"y":1},"s":[100,100,100],"t":34},{"o":{"x":0.167,"y":0},"i":{"x":0.833,"y":1},"s":[100,100,100],"t":57},{"o":{"x":0.167,"y":0},"i":{"x":0.833,"y":1},"s":[100,0,100],"t":60},{"s":[100,100,100],"t":64}],"ix":6},"sk":{"a":0,"k":0},"p":{"a":1,"k":[{"o":{"x":0.167,"y":0.015},"i":{"x":0.833,"y":0.985},"s":[347.264,349.557,0],"t":28,"ti":[0,0,0],"to":[1.833,-20.5,0]},{"o":{"x":0.167,"y":0.011},"i":{"x":0.833,"y":0.989},"s":[358.264,226.557,0],"t":32,"ti":[0,0,0],"to":[0,0,0]},{"o":{"x":0.167,"y":0},"i":{"x":0.833,"y":1},"s":[358.764,219.307,0],"t":34,"ti":[0,0,0],"to":[0,0,0]},{"o":{"x":0.167,"y":0.167},"i":{"x":0.833,"y":0.833},"s":[358.264,226.557,0],"t":37,"ti":[0,0,0],"to":[0,0,0]},{"o":{"x":0.167,"y":0.167},"i":{"x":0.833,"y":0.833},"s":[358.264,226.557,0],"t":40,"ti":[0,0,0],"to":[0,0,0]},{"o":{"x":0.167,"y":0},"i":{"x":0.833,"y":1},"s":[358.264,226.557,0],"t":57,"ti":[0,0,0],"to":[0,0,0]},{"o":{"x":0.167,"y":0},"i":{"x":0.833,"y":1},"s":[347.264,363.557,0],"t":60,"ti":[0,0,0],"to":[0,0,0]},{"s":[347.264,349.557,0],"t":64}],"ix":2},"r":{"a":1,"k":[{"o":{"x":0.167,"y":0},"i":{"x":0.833,"y":1},"s":[0],"t":28},{"o":{"x":0.167,"y":0},"i":{"x":0.833,"y":1},"s":[0],"t":60},{"s":[0],"t":64}],"ix":10},"sa":{"a":0,"k":0},"o":{"a":1,"k":[{"o":{"x":0.167,"y":0},"i":{"x":0.833,"y":1},"s":[100],"t":28},{"o":{"x":0.167,"y":0},"i":{"x":0.833,"y":1},"s":[100],"t":60},{"s":[100],"t":64}],"ix":11}},"ef":[],"shapes":[{"ty":"gr","bm":0,"hd":false,"mn":"ADBE Vector Group","nm":"Group 1","ix":1,"cix":2,"np":2,"it":[{"ty":"sh","bm":0,"hd":false,"mn":"ADBE Vector Shape - Group","nm":"Path 1","ix":1,"d":1,"ks":{"a":0,"k":{"c":true,"i":[[0,-20.828],[20.826,0],[0,20.828],[-20.828,0]],"o":[[0,20.828],[-20.828,0],[0,-20.828],[20.826,0]],"v":[[37.713,0.001],[-0.001,37.713],[-37.713,0.001],[-0.001,-37.713]]},"ix":2}},{"ty":"fl","bm":0,"hd":false,"mn":"ADBE Vector Graphic - Fill","nm":"Fill 1","c":{"a":0,"k":[1,1,1],"ix":4},"r":1,"o":{"a":0,"k":100,"ix":5}},{"ty":"tr","a":{"a":0,"k":[0,0],"ix":1},"s":{"a":0,"k":[100,100],"ix":3},"sk":{"a":0,"k":0,"ix":4},"p":{"a":0,"k":[37.962,37.963],"ix":2},"r":{"a":0,"k":0,"ix":6},"sa":{"a":0,"k":0,"ix":5},"o":{"a":0,"k":100,"ix":7}}]}],"ind":5},{"ty":4,"nm":"Layer 3 Outlines","sr":1,"st":11,"op":133,"ip":-5,"hd":false,"ddd":0,"bm":0,"hasMask":false,"ao":0,"ks":{"a":{"a":1,"k":[{"o":{"x":0.167,"y":0.167},"i":{"x":0.833,"y":0.833},"s":[37.962,37.963,0],"t":24},{"o":{"x":0.167,"y":0.167},"i":{"x":0.833,"y":0.833},"s":[37.962,37.963,0],"t":37},{"s":[37.962,37.963,0],"t":64}],"ix":1},"s":{"a":1,"k":[{"o":{"x":0.167,"y":0},"i":{"x":0.833,"y":1},"s":[100,100,100],"t":24},{"o":{"x":0.167,"y":0},"i":{"x":0.833,"y":1},"s":[100,100,100],"t":34},{"o":{"x":0.167,"y":0},"i":{"x":0.833,"y":1},"s":[100,0,100],"t":37},{"o":{"x":0.167,"y":0},"i":{"x":0.833,"y":1},"s":[100,100,100],"t":40},{"o":{"x":0.167,"y":0},"i":{"x":0.833,"y":1},"s":[100,100,100],"t":60},{"s":[100,100,100],"t":64}],"ix":6},"sk":{"a":0,"k":0},"p":{"a":1,"k":[{"o":{"x":0.167,"y":0.167},"i":{"x":0.833,"y":0.833},"s":[222.276,226.812,0],"t":24,"ti":[0,0,0],"to":[0,0,0]},{"o":{"x":0.167,"y":0},"i":{"x":0.833,"y":1},"s":[222.276,226.812,0],"t":37,"ti":[1.333,0,0],"to":[-1.333,0,0]},{"o":{"x":0.167,"y":0.167},"i":{"x":0.833,"y":0.833},"s":[214.276,226.812,0],"t":40,"ti":[0,0,0],"to":[0,0,0]},{"o":{"x":0.167,"y":0.167},"i":{"x":0.833,"y":0.833},"s":[214.276,226.812,0],"t":60,"ti":[-1.333,0,0],"to":[1.333,0,0]},{"s":[222.276,226.812,0],"t":64}],"ix":2},"r":{"a":1,"k":[{"o":{"x":0.167,"y":0},"i":{"x":0.833,"y":1},"s":[0],"t":24},{"o":{"x":0.167,"y":0},"i":{"x":0.833,"y":1},"s":[0],"t":37},{"s":[0],"t":64}],"ix":10},"sa":{"a":0,"k":0},"o":{"a":1,"k":[{"o":{"x":0.167,"y":0},"i":{"x":0.833,"y":1},"s":[100],"t":24},{"o":{"x":0.167,"y":0},"i":{"x":0.833,"y":1},"s":[100],"t":37},{"s":[100],"t":64}],"ix":11}},"ef":[],"shapes":[{"ty":"gr","bm":0,"hd":false,"mn":"ADBE Vector Group","nm":"Group 1","ix":1,"cix":2,"np":2,"it":[{"ty":"sh","bm":0,"hd":false,"mn":"ADBE Vector Shape - Group","nm":"Path 1","ix":1,"d":1,"ks":{"a":0,"k":{"c":true,"i":[[0,-20.828],[20.828,0],[0,20.828],[-20.829,0]],"o":[[0,20.828],[-20.829,0],[0,-20.828],[20.828,0]],"v":[[37.712,0],[0,37.712],[-37.712,0],[0,-37.712]]},"ix":2}},{"ty":"fl","bm":0,"hd":false,"mn":"ADBE Vector Graphic - Fill","nm":"Fill 1","c":{"a":0,"k":[1,1,1],"ix":4},"r":1,"o":{"a":0,"k":100,"ix":5}},{"ty":"tr","a":{"a":0,"k":[0,0],"ix":1},"s":{"a":0,"k":[100,100],"ix":3},"sk":{"a":0,"k":0,"ix":4},"p":{"a":0,"k":[37.962,37.962],"ix":2},"r":{"a":0,"k":0,"ix":6},"sa":{"a":0,"k":0,"ix":5},"o":{"a":0,"k":100,"ix":7}}]}],"ind":6},{"ty":4,"nm":"Layer 1/Path Outlines","sr":1,"st":0,"op":116,"ip":0,"hd":false,"ddd":0,"bm":0,"hasMask":false,"ao":0,"ks":{"a":{"a":0,"k":[14.5,14.5,0],"ix":1},"s":{"a":0,"k":[1789.655,1789.655,100],"ix":6},"sk":{"a":0,"k":0},"p":{"a":1,"k":[{"o":{"x":0.167,"y":0.167},"i":{"x":0.833,"y":0.833},"s":[281.082,290.788,0],"t":21,"ti":[-1,0,0],"to":[1,0,0]},{"s":[287.082,290.788,0],"t":76}],"ix":2},"r":{"a":1,"k":[{"o":{"x":0.333,"y":0},"i":{"x":0.667,"y":1},"s":[0],"t":21},{"s":[90],"t":76}],"ix":10},"sa":{"a":0,"k":0},"o":{"a":1,"k":[{"o":{"x":0.333,"y":0},"i":{"x":0.667,"y":1},"s":[100],"t":21},{"s":[100],"t":76}],"ix":11}},"ef":[],"shapes":[{"ty":"gr","bm":0,"hd":false,"mn":"ADBE Vector Group","nm":"Group 1","ix":1,"cix":2,"np":4,"it":[{"ty":"sh","bm":0,"hd":false,"mn":"ADBE Vector Shape - Group","nm":"Path 1","ix":1,"d":1,"ks":{"a":0,"k":{"c":true,"i":[[0.798,0.784],[0,0],[0,0.559],[0,0],[2.325,0],[0,0],[0.392,0.392],[0,0],[1.639,-1.651],[0,0],[0.561,0],[0,0],[0,-2.324],[0,0],[0.392,-0.392],[0,0],[-1.639,-1.637],[0,0],[0,-0.561],[0,0],[-2.325,0],[0,0],[-0.392,-0.392],[0,0],[-1.078,0],[-0.827,0.827],[0,0],[-0.56,0],[0,0],[0,2.325],[0,0],[-0.392,0.392],[0,0],[-0.014,0.016],[0.015,1.12]],"o":[[0,0],[-0.392,-0.392],[0,0],[0,-2.324],[0,0],[-0.56,0],[0,0],[-1.653,-1.638],[0,0],[-0.392,0.392],[0,0],[-2.325,0],[0,0],[0,0.575],[0,0],[-1.639,1.651],[0,0],[0.392,0.406],[0,0],[0,2.325],[0,0],[0.561,0],[0,0],[0.827,0.812],[1.079,0],[0,0],[0.392,-0.392],[0,0],[2.325,0],[0,0],[0,-0.561],[0,0],[0.014,-0.014],[0.784,-0.796],[0,-1.121]],"v":[[12.767,-2.986],[11.759,-3.994],[11.142,-5.477],[11.142,-6.921],[6.927,-11.135],[5.484,-11.135],[4,-11.752],[2.978,-12.773],[-2.989,-12.76],[-3.997,-11.752],[-5.482,-11.135],[-6.924,-11.135],[-11.14,-6.921],[-11.14,-5.493],[-11.756,-3.994],[-12.778,-2.971],[-12.764,2.993],[-11.756,3.988],[-11.14,5.487],[-11.14,6.928],[-6.924,11.145],[-5.482,11.145],[-3.997,11.759],[-2.975,12.783],[0.008,14],[2.992,12.768],[4,11.759],[5.484,11.145],[6.927,11.145],[11.142,6.928],[11.142,5.487],[11.759,4.002],[12.753,3.007],[12.795,2.965],[13.999,-0.017]]},"ix":2}},{"ty":"fl","bm":0,"hd":false,"mn":"ADBE Vector Graphic - Fill","nm":"Fill 1","c":{"a":0,"k":[0.9294,0.3608,0.0549],"ix":4},"r":1,"o":{"a":0,"k":100,"ix":5}},{"ty":"tr","a":{"a":0,"k":[0,0],"ix":1},"s":{"a":0,"k":[100,100],"ix":3},"sk":{"a":0,"k":0,"ix":4},"p":{"a":0,"k":[14.667,14.661],"ix":2},"r":{"a":0,"k":0,"ix":6},"sa":{"a":0,"k":0,"ix":5},"o":{"a":0,"k":100,"ix":7}}]}],"ind":7}],"v":"4.8.0","fr":25,"op":116,"ip":0,"assets":[]}